<?xml version="1.0" encoding="UTF-8"?>
<configurationDescriptor version="65">
  <logicalFolder name="root" displayName="root" projectFiles="true">
    <logicalFolder name="HeaderFiles"
                   displayName="Header Files"
                   projectFiles="true">
      <logicalFolder name="app" displayName="app" projectFiles="true">
        <logicalFolder name="system_config"
                       displayName="system_config"
                       projectFiles="true">
          <logicalFolder name="f1"
                         displayName="pic32mx_usb_sk2_int_dyn"
                         projectFiles="true">
            <logicalFolder name="f1" displayName="framework" projectFiles="true">
              <logicalFolder name="f2" displayName="driver" projectFiles="true">
                <logicalFolder name="f1" displayName="tmr" projectFiles="true">
                  <itemPath>../src/system_config/pic32mx_usb_sk2_int_dyn/framework/driver/tmr/drv_tmr_static.h</itemPath>
                </logicalFolder>
              </logicalFolder>
              <logicalFolder name="f1" displayName="system" projectFiles="true">
                <logicalFolder name="f1" displayName="clk" projectFiles="true">
                  <logicalFolder name="f1" displayName="src" projectFiles="true">
                    <itemPath>../src/system_config/pic32mx_usb_sk2_int_dyn/framework/system/clk/src/sys_clk_local.h</itemPath>
                  </logicalFolder>
                  <itemPath>../src/system_config/pic32mx_usb_sk2_int_dyn/framework/system/clk/sys_clk_static.h</itemPath>
                </logicalFolder>
                <logicalFolder name="f2" displayName="devcon" projectFiles="true">
                  <logicalFolder name="f1" displayName="src" projectFiles="true">
                    <itemPath>../src/system_config/pic32mx_usb_sk2_int_dyn/framework/system/devcon/src/sys_devcon_local.h</itemPath>
                  </logicalFolder>
                  <itemPath>../src/system_config/pic32mx_usb_sk2_int_dyn/framework/system/devcon/sys_devcon.h</itemPath>
                </logicalFolder>
              </logicalFolder>
            </logicalFolder>
            <itemPath>../src/system_config/pic32mx_usb_sk2_int_dyn/system_config.h</itemPath>
            <itemPath>../src/system_config/pic32mx_usb_sk2_int_dyn/system_definitions.h</itemPath>
          </logicalFolder>
        </logicalFolder>
        <itemPath>../src/app.h</itemPath>
        <itemPath>../src/app_gen.h</itemPath>
        <itemPath>../src/Mc32gestI2cSeeprom.h</itemPath>
      </logicalFolder>
      <logicalFolder name="f1" displayName="bsp" projectFiles="true">
        <logicalFolder name="f1" displayName="pic32mx_skes" projectFiles="true">
          <itemPath>../../../../../../bsp/pic32mx_skes/bsp.h</itemPath>
          <itemPath>../../../../../../bsp/pic32mx_skes/Mc32Delays.h</itemPath>
          <itemPath>../../../../../../bsp/pic32mx_skes/Mc32DriverAdc.h</itemPath>
          <itemPath>../../../../../../bsp/pic32mx_skes/Mc32DriverAdcAlt.h</itemPath>
          <itemPath>../../../../../../bsp/pic32mx_skes/Mc32DriverLcd.h</itemPath>
          <itemPath>../../../../../../bsp/pic32mx_skes/Mc32CoreTimer.h</itemPath>
        </logicalFolder>
      </logicalFolder>
      <logicalFolder name="framework" displayName="framework" projectFiles="true">
        <logicalFolder name="driver" displayName="driver" projectFiles="true">
          <logicalFolder name="f2" displayName="tmr" projectFiles="true">
            <logicalFolder name="f1" displayName="src" projectFiles="true">
              <itemPath>../../../../../../framework/driver/tmr/src/drv_tmr_local.h</itemPath>
              <itemPath>../../../../../../framework/driver/tmr/src/drv_tmr_variant_mapping.h</itemPath>
            </logicalFolder>
            <itemPath>../../../../../../framework/driver/tmr/drv_tmr.h</itemPath>
            <itemPath>../../../../../../framework/driver/tmr/drv_tmr_mapping.h</itemPath>
            <itemPath>../../../../../../framework/driver/tmr/drv_tmr_compatibility.h</itemPath>
            <itemPath>../../../../../../framework/driver/tmr/tmr_definitions_pic32m.h</itemPath>
          </logicalFolder>
          <logicalFolder name="f1" displayName="usb" projectFiles="true">
            <logicalFolder name="f2" displayName="usbfs" projectFiles="true">
              <logicalFolder name="f1" displayName="src" projectFiles="true">
                <itemPath>../../../../../../framework/driver/usb/usbfs/src/drv_usbfs_local.h</itemPath>
                <itemPath>../../../../../../framework/driver/usb/usbfs/src/drv_usbfs_variant_mapping.h</itemPath>
              </logicalFolder>
              <itemPath>../../../../../../framework/driver/usb/usbfs/drv_usbfs.h</itemPath>
              <itemPath>../../../../../../framework/driver/usb/usbfs/drv_usbfs_mapping.h</itemPath>
            </logicalFolder>
            <logicalFolder name="f1" displayName="usbhs" projectFiles="true">
              <logicalFolder name="f1" displayName="src" projectFiles="true">
                <itemPath>../../../../../../framework/driver/usb/usbhs/src/drv_usbhs_local.h</itemPath>
                <itemPath>../../../../../../framework/driver/usb/usbhs/src/drv_usbhs_variant_mapping.h</itemPath>
              </logicalFolder>
              <itemPath>../../../../../../framework/driver/usb/usbhs/drv_usbhs.h</itemPath>
            </logicalFolder>
            <itemPath>../../../../../../framework/driver/usb/drv_usb.h</itemPath>
          </logicalFolder>
          <itemPath>../../../../../../framework/driver/driver.h</itemPath>
          <itemPath>../../../../../../framework/driver/driver_common.h</itemPath>
        </logicalFolder>
        <logicalFolder name="f1" displayName="osal" projectFiles="true">
          <itemPath>../../../../../../framework/osal/osal.h</itemPath>
          <itemPath>../../../../../../framework/osal/osal_definitions.h</itemPath>
          <itemPath>../../../../../../framework/osal/osal_impl_basic.h</itemPath>
        </logicalFolder>
        <logicalFolder name="system" displayName="system" projectFiles="true">
          <logicalFolder name="f5" displayName="clk" projectFiles="true">
            <logicalFolder name="f1" displayName="src" projectFiles="true">
              <itemPath>../../../../../../framework/system/clk/src/sys_clk_variant_mapping.h</itemPath>
            </logicalFolder>
            <itemPath>../../../../../../framework/system/clk/sys_clk.h</itemPath>
            <itemPath>../../../../../../framework/system/clk/sys_clk_compatibility.h</itemPath>
            <itemPath>../../../../../../framework/system/clk/sys_clk_mapping.h</itemPath>
          </logicalFolder>
          <logicalFolder name="f1" displayName="common" projectFiles="true">
            <itemPath>../../../../../../framework/system/common/sys_common.h</itemPath>
            <itemPath>../../../../../../framework/system/common/sys_module.h</itemPath>
            <itemPath>../../../../../../framework/system/common/sys_buffer.h</itemPath>
            <itemPath>../../../../../../framework/system/common/sys_queue.h</itemPath>
          </logicalFolder>
          <logicalFolder name="f3" displayName="debug" projectFiles="true">
            <itemPath>../../../../../../framework/system/debug/sys_debug.h</itemPath>
          </logicalFolder>
          <logicalFolder name="f4" displayName="int" projectFiles="true">
            <logicalFolder name="f1" displayName="src" projectFiles="true">
              <itemPath>../../../../../../framework/system/int/src/sys_int_private.h</itemPath>
            </logicalFolder>
            <itemPath>../../../../../../framework/system/int/sys_int.h</itemPath>
            <itemPath>../../../../../../framework/system/int/sys_int_mapping.h</itemPath>
          </logicalFolder>
          <logicalFolder name="f2" displayName="ports" projectFiles="true">
            <itemPath>../../../../../../framework/system/ports/sys_ports.h</itemPath>
            <itemPath>../../../../../../framework/system/ports/sys_ports_definitions.h</itemPath>
          </logicalFolder>
          <logicalFolder name="f6" displayName="tmr" projectFiles="true">
            <logicalFolder name="f1" displayName="src" projectFiles="true">
              <itemPath>../../../../../../framework/system/tmr/src/sys_tmr_local.h</itemPath>
            </logicalFolder>
            <itemPath>../../../../../../framework/system/tmr/sys_tmr.h</itemPath>
          </logicalFolder>
          <itemPath>../../../../../../framework/system/system.h</itemPath>
        </logicalFolder>
        <logicalFolder name="f2" displayName="usb" projectFiles="true">
          <logicalFolder name="f1" displayName="src" projectFiles="true">
            <itemPath>../../../../../../framework/usb/src/usb_device_function_driver.h</itemPath>
            <itemPath>../../../../../../framework/usb/src/usb_device_local.h</itemPath>
            <itemPath>../../../../../../framework/usb/src/usb_device_mapping.h</itemPath>
            <itemPath>../../../../../../framework/usb/src/usb_device_cdc_local.h</itemPath>
          </logicalFolder>
          <itemPath>../../../../../../framework/usb/usb_common.h</itemPath>
          <itemPath>../../../../../../framework/usb/usb_chapter_9.h</itemPath>
          <itemPath>../../../../../../framework/usb/usb_hub.h</itemPath>
          <itemPath>../../../../../../framework/usb/usb_host_hub.h</itemPath>
          <itemPath>../../../../../../framework/usb/usb_host_client_driver.h</itemPath>
          <itemPath>../../../../../../framework/usb/usb_host.h</itemPath>
          <itemPath>../../../../../../framework/usb/usb_host_hub_interface.h</itemPath>
          <itemPath>../../../../../../framework/usb/usb_device.h</itemPath>
          <itemPath>../../../../../../framework/usb/usb_billboard.h</itemPath>
          <itemPath>../../../../../../framework/usb/usb_cdc.h</itemPath>
          <itemPath>../../../../../../framework/usb/usb_device_cdc.h</itemPath>
        </logicalFolder>
      </logicalFolder>
      <itemPath>../src/DefMenuGen.h</itemPath>
      <itemPath>../src/Generateur.h</itemPath>
      <itemPath>../src/GesPec12.h</itemPath>
      <itemPath>../src/Mc32Debounce.h</itemPath>
      <itemPath>../src/Mc32SpiUtil.h</itemPath>
      <itemPath>../src/Mc32gestSpiDac.h</itemPath>
      <itemPath>../src/MenuGen.h</itemPath>
      <itemPath>../src/Mc32NVMUtil.h</itemPath>
      <itemPath>../src/Mc32gest_SerComm.h</itemPath>
      <itemPath>../src/Mc32_I2cUtilCCS.h</itemPath>
    </logicalFolder>
    <logicalFolder name="LinkerScript"
                   displayName="Linker Files"
                   projectFiles="true">
    </logicalFolder>
    <logicalFolder name="SourceFiles"
                   displayName="Source Files"
                   projectFiles="true">
      <logicalFolder name="app" displayName="app" projectFiles="true">
        <logicalFolder name="f1" displayName="system_config" projectFiles="true">
          <logicalFolder name="f1"
                         displayName="pic32mx_usb_sk2_int_dyn"
                         projectFiles="true">
            <logicalFolder name="f1" displayName="framework" projectFiles="true">
              <logicalFolder name="f1" displayName="driver" projectFiles="true">
                <logicalFolder name="f1" displayName="tmr" projectFiles="true">
                  <logicalFolder name="f1" displayName="src" projectFiles="true">
                    <itemPath>../src/system_config/pic32mx_usb_sk2_int_dyn/framework/driver/tmr/src/drv_tmr_static.c</itemPath>
                    <itemPath>../src/system_config/pic32mx_usb_sk2_int_dyn/framework/driver/tmr/src/drv_tmr_mapping.c</itemPath>
                  </logicalFolder>
                </logicalFolder>
              </logicalFolder>
              <logicalFolder name="f2" displayName="system" projectFiles="true">
                <logicalFolder name="f1" displayName="clk" projectFiles="true">
                  <logicalFolder name="f1" displayName="src" projectFiles="true">
                    <itemPath>../src/system_config/pic32mx_usb_sk2_int_dyn/framework/system/clk/src/sys_clk_pic32mx.c</itemPath>
                  </logicalFolder>
                </logicalFolder>
                <logicalFolder name="f2" displayName="devcon" projectFiles="true">
                  <logicalFolder name="f1" displayName="src" projectFiles="true">
                    <itemPath>../src/system_config/pic32mx_usb_sk2_int_dyn/framework/system/devcon/src/sys_devcon.c</itemPath>
                    <itemPath>../src/system_config/pic32mx_usb_sk2_int_dyn/framework/system/devcon/src/sys_devcon_pic32mx.c</itemPath>
                  </logicalFolder>
                </logicalFolder>
                <logicalFolder name="f3" displayName="ports" projectFiles="true">
                  <logicalFolder name="f1" displayName="src" projectFiles="true">
                    <itemPath>../src/system_config/pic32mx_usb_sk2_int_dyn/framework/system/ports/src/sys_ports_static.c</itemPath>
                  </logicalFolder>
                </logicalFolder>
              </logicalFolder>
            </logicalFolder>
            <itemPath>../src/system_config/pic32mx_usb_sk2_int_dyn/system_init.c</itemPath>
            <itemPath>../src/system_config/pic32mx_usb_sk2_int_dyn/system_interrupt.c</itemPath>
            <itemPath>../src/system_config/pic32mx_usb_sk2_int_dyn/system_exceptions.c</itemPath>
            <itemPath>../src/system_config/pic32mx_usb_sk2_int_dyn/system_tasks.c</itemPath>
          </logicalFolder>
        </logicalFolder>
        <itemPath>../src/app.c</itemPath>
        <itemPath>../src/main.c</itemPath>
        <itemPath>../src/app_gen.c</itemPath>
        <itemPath>../src/Mc32gestI2cSeeprom.c</itemPath>
      </logicalFolder>
      <logicalFolder name="f1" displayName="bsp" projectFiles="true">
        <logicalFolder name="f1" displayName="pic32mx_skes" projectFiles="true">
          <itemPath>../../../../../../bsp/pic32mx_skes/bsp.c</itemPath>
          <itemPath>../../../../../../bsp/pic32mx_skes/Mc32Delays.c</itemPath>
          <itemPath>../../../../../../bsp/pic32mx_skes/Mc32DriverAdc.c</itemPath>
          <itemPath>../../../../../../bsp/pic32mx_skes/Mc32DriverAdcAlt.c</itemPath>
          <itemPath>../../../../../../bsp/pic32mx_skes/Mc32DriverLcd.c</itemPath>
          <itemPath>../../../../../../bsp/pic32mx_skes/Mc32CoreTimer.c</itemPath>
        </logicalFolder>
      </logicalFolder>
      <logicalFolder name="framework" displayName="framework" projectFiles="true">
        <logicalFolder name="f2" displayName="driver" projectFiles="true">
          <logicalFolder name="f2" displayName="tmr" projectFiles="true">
            <logicalFolder name="f1" displayName="src" projectFiles="true">
              <logicalFolder name="f1" displayName="dynamic" projectFiles="true">
                <itemPath>../../../../../../framework/driver/tmr/src/dynamic/drv_tmr.c</itemPath>
              </logicalFolder>
            </logicalFolder>
          </logicalFolder>
          <logicalFolder name="f1" displayName="usb" projectFiles="true">
            <logicalFolder name="f1" displayName="usbfs" projectFiles="true">
              <logicalFolder name="f1" displayName="src" projectFiles="true">
                <logicalFolder name="f1" displayName="dynamic" projectFiles="true">
                  <itemPath>../../../../../../framework/driver/usb/usbfs/src/dynamic/drv_usbfs.c</itemPath>
                  <itemPath>../../../../../../framework/driver/usb/usbfs/src/dynamic/drv_usbfs_device.c</itemPath>
                </logicalFolder>
              </logicalFolder>
            </logicalFolder>
            <logicalFolder name="f2" displayName="usbhs" projectFiles="true">
              <logicalFolder name="f1" displayName="src" projectFiles="true">
                <logicalFolder name="f1" displayName="dynamic" projectFiles="true">
                  <itemPath>../../../../../../framework/driver/usb/usbhs/src/dynamic/drv_usbhs.c</itemPath>
                  <itemPath>../../../../../../framework/driver/usb/usbhs/src/dynamic/drv_usbhs_device.c</itemPath>
                </logicalFolder>
              </logicalFolder>
            </logicalFolder>
          </logicalFolder>
        </logicalFolder>
        <logicalFolder name="system" displayName="system" projectFiles="true">
          <logicalFolder name="f1" displayName="int" projectFiles="true">
            <logicalFolder name="f1" displayName="src" projectFiles="true">
              <itemPath>../../../../../../framework/system/int/src/sys_int_pic32.c</itemPath>
            </logicalFolder>
          </logicalFolder>
          <logicalFolder name="f2" displayName="tmr" projectFiles="true">
            <logicalFolder name="f1" displayName="src" projectFiles="true">
              <itemPath>../../../../../../framework/system/tmr/src/sys_tmr.c</itemPath>
            </logicalFolder>
          </logicalFolder>
        </logicalFolder>
        <logicalFolder name="f1" displayName="usb" projectFiles="true">
          <logicalFolder name="f1" displayName="src" projectFiles="true">
            <logicalFolder name="f1" displayName="dynamic" projectFiles="true">
              <itemPath>../../../../../../framework/usb/src/dynamic/usb_device.c</itemPath>
              <itemPath>../../../../../../framework/usb/src/dynamic/usb_device_cdc.c</itemPath>
              <itemPath>../../../../../../framework/usb/src/dynamic/usb_device_cdc_acm.c</itemPath>
            </logicalFolder>
          </logicalFolder>
        </logicalFolder>
      </logicalFolder>
      <itemPath>../src/Generateur.c</itemPath>
      <itemPath>../src/GesPec12.c</itemPath>
      <itemPath>../src/Mc32Debounce.c</itemPath>
      <itemPath>../src/Mc32SpiUtil.c</itemPath>
      <itemPath>../src/Mc32gestSPiDac.c</itemPath>
      <itemPath>../src/MenuGen.c</itemPath>
      <itemPath>../src/Mc32NVMUtil.c</itemPath>
      <itemPath>../src/Mc32gest_SerComm.c</itemPath>
      <itemPath>../src/Mc32_I2cUtilCCS.c</itemPath>
    </logicalFolder>
    <logicalFolder name="ExternalFiles"
                   displayName="Important Files"
                   projectFiles="false">
      <itemPath>Makefile</itemPath>
    </logicalFolder>
  </logicalFolder>
  <sourceRootList>
    <Elem>../src</Elem>
    <Elem>../../../../../../framework/system/devcon/src</Elem>
    <Elem>../../../../../../framework/system/int/src</Elem>
    <Elem>../../../../../../framework/system/common</Elem>
    <Elem>../../../../../../framework/driver/usb/usbfs/src/dynamic</Elem>
    <Elem>../../../../../../framework/usb/src/dynamic</Elem>
    <Elem>../../../../../../bsp/pic32mx_usb_sk2</Elem>
    <Elem>../../../../../../framework/driver/tmr/src/dynamic</Elem>
    <Elem>../../../../../../framework/system/clk/src</Elem>
    <Elem>../../../../../../framework/system/tmr/src</Elem>
    <Elem>../../../../../../framework/driver/usb/usbhs/src/dynamic</Elem>
    <Elem>../../../../../../bsp/pic32mz_ec_sk</Elem>
    <Elem>../../../../../../bsp/pic32mx_usb_sk3</Elem>
    <Elem>../../../../../../bsp/pic32mx460_pim+e16</Elem>
    <Elem>../../../../../../framework/driver/usb/usbfs/src/static</Elem>
    <Elem>../../../../../../bsp/pic32mx_125_sk</Elem>
    <Elem>../src/system_config/pic32mx_usb_sk2_int_dyn</Elem>
    <Elem>../src/system_config/pic32mz_ec_sk_int_dyn</Elem>
    <Elem>../src/system_config/pic32mz_ec_sk_poll_dyn</Elem>
    <Elem>../src/system_config/pic32mx_usb_sk2_poll_dyn</Elem>
    <Elem>../src/system_config/pic32mx_usb_sk2_int_sta</Elem>
    <Elem>../src/system_config/pic32mx_usb_sk3_int_dyn</Elem>
    <Elem>../src/system_config/pic32mx460_pim_e16_int_dyn</Elem>
    <Elem>../src/system_config/pic32mx_125_sk_int_dyn</Elem>
    <Elem>../src/system_config/pic32mz_ef_sk_int_dyn</Elem>
    <Elem>../src/system_config/pic32mz_ef_sk_poll_dyn</Elem>
    <Elem>../../../..</Elem>
    <Elem>../src/system_config/chipkit_wf32</Elem>
    <Elem>../src/system_config/pic32mz_da_sk_intddr_int_dyn</Elem>
    <Elem>../src/system_config/pic32mz_ef_sk_int_dyn_micromips</Elem>
    <Elem>..\src</Elem>
    <Elem>..\src\pic32mx_usb_sk2_int_dyn</Elem>
    <Elem>..\src\system_config\pic32mx_usb_sk2_int_dyn</Elem>
    <Elem>..\src\pic32mz_ec_sk_int_dyn</Elem>
    <Elem>..\src\system_config\pic32mz_ec_sk_int_dyn</Elem>
    <Elem>..\src\pic32mz_ec_sk_poll_dyn</Elem>
    <Elem>..\src\system_config\pic32mz_ec_sk_poll_dyn</Elem>
    <Elem>..\src\pic32mx_usb_sk2_poll_dyn</Elem>
    <Elem>..\src\system_config\pic32mx_usb_sk2_poll_dyn</Elem>
    <Elem>..\src\pic32mx_usb_sk3_int_dyn</Elem>
    <Elem>..\src\system_config\pic32mx_usb_sk3_int_dyn</Elem>
    <Elem>..\src\pic32mx460_pim_e16_int_dyn</Elem>
    <Elem>..\src\system_config\pic32mx460_pim_e16_int_dyn</Elem>
    <Elem>..\src\pic32mx_usb_sk2_int_sta</Elem>
    <Elem>..\src\system_config\pic32mx_usb_sk2_int_sta</Elem>
    <Elem>..\src\pic32mx_125_sk_int_dyn</Elem>
    <Elem>..\src\system_config\pic32mx_125_sk_int_dyn</Elem>
    <Elem>..\src\pic32mz_ef_sk_int_dyn</Elem>
    <Elem>..\src\system_config\pic32mz_ef_sk_int_dyn</Elem>
    <Elem>..\src\pic32mz_ef_sk_poll_dyn</Elem>
    <Elem>..\src\system_config\pic32mz_ef_sk_poll_dyn</Elem>
    <Elem>..\src\chipkit_wf32</Elem>
    <Elem>..\src\system_config\chipkit_wf32</Elem>
    <Elem>..\src\pic32mz_da_sk_intddr_int_dyn</Elem>
    <Elem>..\src\system_config\pic32mz_da_sk_intddr_int_dyn</Elem>
    <Elem>..\src\pic32mz_ef_sk_int_dyn_micromips</Elem>
    <Elem>..\src\system_config\pic32mz_ef_sk_int_dyn_micromips</Elem>
    <Elem>..\src\pic32wk_sk_int_dyn</Elem>
    <Elem>..\src\system_config\pic32wk_sk_int_dyn</Elem>
    <Elem>..\src\pic32wk_sk_int_sta</Elem>
    <Elem>..\src\system_config\pic32wk_sk_int_sta</Elem>
    <Elem>..\src\pic32wk_poll_dyn</Elem>
    <Elem>..\src\system_config\pic32wk_poll_dyn</Elem>
    <Elem>..\src\pic32wk_sk_poll_sta</Elem>
    <Elem>..\src\system_config\pic32wk_sk_poll_sta</Elem>
    <Elem>../../../../..</Elem>
  </sourceRootList>
  <projectmakefile>Makefile</projectmakefile>
  <confs>
    <conf name="pic32mx_usb_sk2_int_dyn" type="2">
      <toolsSet>
        <developmentServer>localhost</developmentServer>
        <targetDevice>PIC32MX795F512L</targetDevice>
        <targetHeader></targetHeader>
        <targetPluginBoard></targetPluginBoard>
        <platformTool>ICD3PlatformTool</platformTool>
        <languageToolchain>XC32</languageToolchain>
        <languageToolchainVersion>2.50</languageToolchainVersion>
        <platform>3</platform>
      </toolsSet>
      <packs>
        <pack name="PIC32MX_DFP" vendor="Microchip" version="1.5.259"/>
      </packs>
      <ScriptingSettings>
      </ScriptingSettings>
      <compileType>
        <linkerTool>
          <linkerLibItems>
            <linkerLibFileItem>../../../../../../bin/framework/peripheral/PIC32MX795F512L_peripherals.a</linkerLibFileItem>
          </linkerLibItems>
        </linkerTool>
        <archiverTool>
        </archiverTool>
        <loading>
          <useAlternateLoadableFile>false</useAlternateLoadableFile>
          <parseOnProdLoad>false</parseOnProdLoad>
          <alternateLoadableFile></alternateLoadableFile>
        </loading>
        <subordinates>
        </subordinates>
      </compileType>
      <makeCustomizationType>
        <makeCustomizationPreStepEnabled>false</makeCustomizationPreStepEnabled>
        <makeUseCleanTarget>false</makeUseCleanTarget>
        <makeCustomizationPreStep></makeCustomizationPreStep>
        <makeCustomizationPostStepEnabled>false</makeCustomizationPostStepEnabled>
        <makeCustomizationPostStep></makeCustomizationPostStep>
        <makeCustomizationPutChecksumInUserID>false</makeCustomizationPutChecksumInUserID>
        <makeCustomizationEnableLongLines>false</makeCustomizationEnableLongLines>
        <makeCustomizationNormalizeHexFile>false</makeCustomizationNormalizeHexFile>
      </makeCustomizationType>
      <item path="../../../../../../framework/driver/tmr/src/drv_tmr_local.h"
            ex="true"
            overriding="false">
        <C32>
        </C32>
        <C32-AR>
        </C32-AR>
        <C32-AS>
        </C32-AS>
        <C32-CO>
        </C32-CO>
        <C32-LD>
        </C32-LD>
        <C32CPP>
        </C32CPP>
        <C32Global>
        </C32Global>
      </item>
      <item path="../../../../../../framework/driver/tmr/src/dynamic/drv_tmr.c"
            ex="true"
            overriding="false">
        <C32>
        </C32>
        <C32-AR>
        </C32-AR>
        <C32-AS>
        </C32-AS>
        <C32-CO>
        </C32-CO>
        <C32-LD>
        </C32-LD>
        <C32CPP>
        </C32CPP>
        <C32Global>
        </C32Global>
      </item>
      <item path="../../../../../../framework/driver/usb/usbhs/src/drv_usbhs_local.h"
            ex="true"
            overriding="false">
        <C32>
        </C32>
        <C32-AR>
        </C32-AR>
        <C32-AS>
        </C32-AS>
        <C32-CO>
        </C32-CO>
        <C32-LD>
        </C32-LD>
        <C32CPP>
        </C32CPP>
        <C32Global>
        </C32Global>
      </item>
      <item path="../../../../../../framework/driver/usb/usbhs/src/drv_usbhs_variant_mapping.h"
            ex="true"
            overriding="false">
        <C32>
        </C32>
        <C32-AR>
        </C32-AR>
        <C32-AS>
        </C32-AS>
        <C32-CO>
        </C32-CO>
        <C32-LD>
        </C32-LD>
        <C32CPP>
        </C32CPP>
        <C32Global>
        </C32Global>
      </item>
      <item path="../../../../../../framework/driver/usb/usbhs/src/dynamic/drv_usbhs.c"
            ex="true"
            overriding="false">
        <C32>
        </C32>
        <C32-AR>
        </C32-AR>
        <C32-AS>
        </C32-AS>
        <C32-CO>
        </C32-CO>
        <C32-LD>
        </C32-LD>
        <C32CPP>
        </C32CPP>
        <C32Global>
        </C32Global>
      </item>
      <item path="../../../../../../framework/driver/usb/usbhs/src/dynamic/drv_usbhs_device.c"
            ex="true"
            overriding="false">
        <C32>
        </C32>
        <C32-AR>
        </C32-AR>
        <C32-AS>
        </C32-AS>
        <C32-CO>
        </C32-CO>
        <C32-LD>
        </C32-LD>
        <C32CPP>
        </C32CPP>
        <C32Global>
        </C32Global>
      </item>
      <item path="../../../../../../framework/system/tmr/src/sys_tmr.c"
            ex="true"
            overriding="false">
        <C32>
        </C32>
        <C32-AR>
        </C32-AR>
        <C32-AS>
        </C32-AS>
        <C32-CO>
        </C32-CO>
        <C32-LD>
        </C32-LD>
        <C32CPP>
        </C32CPP>
        <C32Global>
        </C32Global>
      </item>
      <item path="../../../../../../framework/system/tmr/src/sys_tmr_local.h"
            ex="true"
            overriding="false">
        <C32>
        </C32>
        <C32-AR>
        </C32-AR>
        <C32-AS>
        </C32-AS>
        <C32-CO>
        </C32-CO>
        <C32-LD>
        </C32-LD>
        <C32CPP>
        </C32CPP>
        <C32Global>
        </C32Global>
      </item>
      <item path="../../../../../../framework/system/tmr/sys_tmr.h"
            ex="true"
            overriding="false">
        <C32>
        </C32>
        <C32-AR>
        </C32-AR>
        <C32-AS>
        </C32-AS>
        <C32-CO>
        </C32-CO>
        <C32-LD>
        </C32-LD>
        <C32CPP>
        </C32CPP>
        <C32Global>
        </C32Global>
      </item>
      <C32>
        <property key="additional-warnings" value="true"/>
        <property key="addresss-attribute-use" value="false"/>
        <property key="enable-app-io" value="false"/>
        <property key="enable-omit-frame-pointer" value="false"/>
        <property key="enable-symbols" value="true"/>
        <property key="enable-unroll-loops" value="false"/>
        <property key="exclude-floating-point" value="false"/>
        <property key="extra-include-directories"
                  value="../../../../../../bsp/pic32mx_usb_sk2;/system_config/pic32mx_usb_sk2_int_dyn;/pic32mx_usb_sk2_int_dyn;/system_config/pic32mx_usb_sk2_int_dyn/framework;/system_config/pic32mx_usb_sk2_int_dyn/bsp;../src;../src/system_config/pic32mx_usb_sk2_int_dyn;../src/pic32mx_usb_sk2_int_dyn;../src/system_config/pic32mx_usb_sk2_int_dyn/framework;../../../../../../../framework;../../../../../../framework;../../../../../../bsp/pic32mx_skes"/>
        <property key="generate-16-bit-code" value="false"/>
        <property key="generate-micro-compressed-code" value="false"/>
        <property key="isolate-each-function" value="true"/>
        <property key="make-warnings-into-errors" value="true"/>
        <property key="optimization-level" value=""/>
        <property key="place-data-into-section" value="false"/>
        <property key="post-instruction-scheduling" value="default"/>
        <property key="pre-instruction-scheduling" value="default"/>
        <property key="preprocessor-macros" value=""/>
        <property key="strict-ansi" value="false"/>
        <property key="support-ansi" value="false"/>
        <property key="tentative-definitions" value=""/>
        <property key="toplevel-reordering" value=""/>
        <property key="unaligned-access" value=""/>
        <property key="use-cci" value="false"/>
        <property key="use-iar" value="false"/>
        <property key="use-indirect-calls" value="false"/>
      </C32>
      <C32-AR>
        <property key="additional-options-chop-files" value="false"/>
      </C32-AR>
      <C32-AS>
        <property key="assembler-symbols" value=""/>
        <property key="enable-symbols" value="true"/>
        <property key="exclude-floating-point-library" value="false"/>
        <property key="expand-macros" value="false"/>
        <property key="extra-include-directories-for-assembler" value=""/>
        <property key="extra-include-directories-for-preprocessor" value=""/>
        <property key="false-conditionals" value="false"/>
        <property key="generate-16-bit-code" value="false"/>
        <property key="generate-micro-compressed-code" value="false"/>
        <property key="keep-locals" value="false"/>
        <property key="list-assembly" value="false"/>
        <property key="list-source" value="false"/>
        <property key="list-symbols" value="false"/>
        <property key="oXC32asm-list-to-file" value="false"/>
        <property key="omit-debug-dirs" value="false"/>
        <property key="omit-forms" value="false"/>
        <property key="preprocessor-macros" value=""/>
        <property key="warning-level" value=""/>
      </C32-AS>
      <C32-CO>
        <property key="coverage-enable" value=""/>
        <property key="stack-guidance" value="false"/>
      </C32-CO>
      <C32-LD>
        <property key="additional-options-use-response-files" value="false"/>
        <property key="additional-options-write-sla" value="false"/>
        <property key="allocate-dinit" value="false"/>
        <property key="code-dinit" value="false"/>
        <property key="ebase-addr" value=""/>
        <property key="enable-check-sections" value="false"/>
        <property key="exclude-floating-point-library" value="false"/>
        <property key="exclude-standard-libraries" value="false"/>
        <property key="extra-lib-directories" value=""/>
        <property key="fill-flash-options-addr" value=""/>
        <property key="fill-flash-options-const" value=""/>
        <property key="fill-flash-options-how" value="0"/>
        <property key="fill-flash-options-inc-const" value="1"/>
        <property key="fill-flash-options-increment" value=""/>
        <property key="fill-flash-options-seq" value=""/>
        <property key="fill-flash-options-what" value="0"/>
        <property key="generate-16-bit-code" value="false"/>
        <property key="generate-cross-reference-file" value="false"/>
        <property key="generate-micro-compressed-code" value="false"/>
        <property key="heap-size" value="0"/>
        <property key="input-libraries" value=""/>
        <property key="kseg-length" value=""/>
        <property key="kseg-origin" value=""/>
        <property key="linker-symbols" value=""/>
        <property key="map-file" value="${DISTDIR}/${PROJECTNAME}.${IMAGE_TYPE}.map"/>
        <property key="no-device-startup-code" value="false"/>
        <property key="no-startup-files" value="false"/>
        <property key="oXC32ld-extra-opts" value=""/>
        <property key="optimization-level" value=""/>
        <property key="preprocessor-macros" value=""/>
        <property key="remove-unused-sections" value="true"/>
        <property key="report-memory-usage" value="false"/>
        <property key="serial-length" value=""/>
        <property key="serial-origin" value=""/>
        <property key="stack-size" value=""/>
        <property key="symbol-stripping" value=""/>
        <property key="trace-symbols" value=""/>
        <property key="warn-section-align" value="false"/>
      </C32-LD>
      <C32CPP>
        <property key="additional-warnings" value="true"/>
        <property key="addresss-attribute-use" value="false"/>
        <property key="check-new" value="false"/>
        <property key="eh-specs" value="true"/>
        <property key="enable-app-io" value="false"/>
        <property key="enable-omit-frame-pointer" value="false"/>
        <property key="enable-symbols" value="true"/>
        <property key="enable-unroll-loops" value="false"/>
        <property key="exceptions" value="true"/>
        <property key="exclude-floating-point" value="false"/>
        <property key="extra-include-directories" value=""/>
        <property key="generate-16-bit-code" value="false"/>
        <property key="generate-micro-compressed-code" value="false"/>
        <property key="isolate-each-function" value="true"/>
        <property key="make-warnings-into-errors" value="false"/>
        <property key="optimization-level" value=""/>
        <property key="place-data-into-section" value="false"/>
        <property key="post-instruction-scheduling" value="default"/>
        <property key="pre-instruction-scheduling" value="default"/>
        <property key="preprocessor-macros" value=""/>
        <property key="rtti" value="true"/>
        <property key="strict-ansi" value="false"/>
        <property key="toplevel-reordering" value=""/>
        <property key="unaligned-access" value=""/>
        <property key="use-cci" value="false"/>
        <property key="use-iar" value="false"/>
        <property key="use-indirect-calls" value="false"/>
      </C32CPP>
      <C32Global>
        <property key="common-include-directories" value=""/>
        <property key="gp-relative-option" value=""/>
        <property key="legacy-libc" value="false"/>
        <property key="mdtcm" value=""/>
        <property key="mitcm" value=""/>
        <property key="mstacktcm" value="false"/>
        <property key="omit-pack-options" value="1"/>
        <property key="relaxed-math" value="false"/>
        <property key="save-temps" value="false"/>
        <property key="stack-smashing" value=""/>
        <property key="wpo-lto" value="false"/>
      </C32Global>
      <ICD3PlatformTool>
        <property key="ADC 1" value="true"/>
        <property key="AutoSelectMemRanges" value="auto"/>
        <property key="CAN1" value="true"/>
        <property key="CAN2" value="true"/>
        <property key="CHANGE NOTICE" value="true"/>
        <property key="COMPARATOR" value="true"/>
        <property key="DMA" value="true"/>
        <property key="ETHERNET CONTROLLER" value="true"/>
        <property key="Freeze All Other Peripherals" value="true"/>
        <property key="I2C1" value="true"/>
        <property key="I2C2" value="true"/>
        <property key="I2C3" value="true"/>
        <property key="I2C4" value="true"/>
        <property key="I2C5" value="true"/>
        <property key="INPUT CAPTURE 1" value="true"/>
        <property key="INPUT CAPTURE 2" value="true"/>
        <property key="INPUT CAPTURE 3" value="true"/>
        <property key="INPUT CAPTURE 4" value="true"/>
        <property key="INPUT CAPTURE 5" value="true"/>
        <property key="INTERRUPT CONTROL" value="true"/>
        <property key="OUTPUT COMPARE 1" value="true"/>
        <property key="OUTPUT COMPARE 2" value="true"/>
        <property key="OUTPUT COMPARE 3" value="true"/>
        <property key="OUTPUT COMPARE 4" value="true"/>
        <property key="OUTPUT COMPARE 5" value="true"/>
        <property key="PARALLEL MASTER/SLAVE PORT" value="true"/>
        <property key="REAL TIME CLOCK" value="true"/>
        <property key="SPI 1" value="true"/>
        <property key="SPI 2" value="true"/>
        <property key="SPI 3" value="true"/>
        <property key="SPI 4" value="true"/>
        <property key="SecureSegment.SegmentProgramming" value="FullChipProgramming"/>
        <property key="TIMER1" value="true"/>
        <property key="TIMER2" value="true"/>
        <property key="TIMER3" value="true"/>
        <property key="TIMER4" value="true"/>
        <property key="TIMER5" value="true"/>
        <property key="ToolFirmwareFilePath"
                  value="Press to browse for a specific firmware version"/>
        <property key="ToolFirmwareOption.UseLatestFirmware" value="true"/>
        <property key="UART1" value="true"/>
        <property key="UART2" value="true"/>
        <property key="UART3" value="true"/>
        <property key="UART4" value="true"/>
        <property key="UART5" value="true"/>
        <property key="UART6" value="true"/>
        <property key="USB" value="true"/>
        <property key="debugoptions.useswbreakpoints" value="false"/>
        <property key="firmware.download.all" value="false"/>
        <property key="hwtoolclock.frcindebug" value="false"/>
        <property key="memories.aux" value="false"/>
        <property key="memories.bootflash" value="false"/>
        <property key="memories.configurationmemory" value="true"/>
        <property key="memories.configurationmemory2" value="true"/>
        <property key="memories.dataflash" value="true"/>
        <property key="memories.eeprom" value="true"/>
        <property key="memories.flashdata" value="true"/>
        <property key="memories.id" value="true"/>
        <property key="memories.instruction.ram" value="true"/>
        <property key="memories.instruction.ram.ranges"
                  value="${memories.instruction.ram.ranges}"/>
        <property key="memories.programmemory" value="true"/>
        <property key="memories.programmemory.ranges" value="1d000000-1d07ffff"/>
        <property key="poweroptions.powerenable" value="false"/>
        <property key="programoptions.donoteraseauxmem" value="false"/>
        <property key="programoptions.eraseb4program" value="true"/>
        <property key="programoptions.preservedataflash" value="false"/>
        <property key="programoptions.preservedataflash.ranges" value=""/>
        <property key="programoptions.preserveeeprom" value="false"/>
        <property key="programoptions.preserveeeprom.ranges" value=""/>
        <property key="programoptions.preserveprogram.ranges" value=""/>
        <property key="programoptions.preserveprogramrange" value="false"/>
        <property key="programoptions.preserveuserid" value="false"/>
        <property key="programoptions.programcalmem" value="false"/>
        <property key="programoptions.programuserotp" value="false"/>
        <property key="programoptions.testmodeentrymethod" value="VPPFirst"/>
        <property key="programoptions.usehighvoltageonmclr" value="false"/>
        <property key="programoptions.uselvpprogramming" value="false"/>
        <property key="voltagevalue" value="3.25"/>
      </ICD3PlatformTool>
      <SKDEPIC32PlatformTool>
        <property key="whatToProgram" value="all"/>
      </SKDEPIC32PlatformTool>
      <Tool>
        <property key="ADC 1" value="true"/>
        <property key="AutoSelectMemRanges" value="auto"/>
        <property key="CAN1" value="true"/>
        <property key="CAN2" value="true"/>
        <property key="CHANGE NOTICE" value="true"/>
        <property key="COMPARATOR" value="true"/>
        <property key="DMA" value="true"/>
        <property key="ETHERNET CONTROLLER" value="true"/>
        <property key="Freeze All Other Peripherals" value="true"/>
        <property key="I2C1" value="true"/>
        <property key="I2C2" value="true"/>
        <property key="I2C3" value="true"/>
        <property key="I2C4" value="true"/>
        <property key="I2C5" value="true"/>
        <property key="INPUT CAPTURE 1" value="true"/>
        <property key="INPUT CAPTURE 2" value="true"/>
        <property key="INPUT CAPTURE 3" value="true"/>
        <property key="INPUT CAPTURE 4" value="true"/>
        <property key="INPUT CAPTURE 5" value="true"/>
        <property key="INTERRUPT CONTROL" value="true"/>
        <property key="OUTPUT COMPARE 1" value="true"/>
        <property key="OUTPUT COMPARE 2" value="true"/>
        <property key="OUTPUT COMPARE 3" value="true"/>
        <property key="OUTPUT COMPARE 4" value="true"/>
        <property key="OUTPUT COMPARE 5" value="true"/>
        <property key="PARALLEL MASTER/SLAVE PORT" value="true"/>
        <property key="REAL TIME CLOCK" value="true"/>
        <property key="SPI 1" value="true"/>
        <property key="SPI 2" value="true"/>
        <property key="SPI 3" value="true"/>
        <property key="SPI 4" value="true"/>
        <property key="SecureSegment.SegmentProgramming" value="FullChipProgramming"/>
        <property key="TIMER1" value="true"/>
        <property key="TIMER2" value="true"/>
        <property key="TIMER3" value="true"/>
        <property key="TIMER4" value="true"/>
        <property key="TIMER5" value="true"/>
        <property key="ToolFirmwareFilePath"
                  value="Press to browse for a specific firmware version"/>
        <property key="ToolFirmwareOption.UseLatestFirmware" value="true"/>
        <property key="UART1" value="true"/>
        <property key="UART2" value="true"/>
        <property key="UART3" value="true"/>
        <property key="UART4" value="true"/>
        <property key="UART5" value="true"/>
        <property key="UART6" value="true"/>
        <property key="USB" value="true"/>
        <property key="debugoptions.useswbreakpoints" value="false"/>
        <property key="firmware.download.all" value="false"/>
        <property key="hwtoolclock.frcindebug" value="false"/>
        <property key="memories.aux" value="false"/>
        <property key="memories.bootflash" value="false"/>
        <property key="memories.configurationmemory" value="true"/>
        <property key="memories.configurationmemory2" value="true"/>
        <property key="memories.dataflash" value="true"/>
        <property key="memories.eeprom" value="true"/>
        <property key="memories.flashdata" value="true"/>
        <property key="memories.id" value="true"/>
        <property key="memories.instruction.ram" value="true"/>
        <property key="memories.instruction.ram.ranges"
                  value="${memories.instruction.ram.ranges}"/>
        <property key="memories.programmemory" value="true"/>
        <property key="memories.programmemory.end" value="0x1d07ffff"/>
        <property key="memories.programmemory.partition2" value="true"/>
        <property key="memories.programmemory.partition2.end"
                  value="${memories.programmemory.partition2.end.value}"/>
        <property key="memories.programmemory.partition2.start"
                  value="${memories.programmemory.partition2.start.value}"/>
        <property key="memories.programmemory.ranges" value="1d000000-1d07ffff"/>
        <property key="memories.programmemory.start" value="0x1d000000"/>
        <property key="poweroptions.powerenable" value="false"/>
        <property key="programoptions.donoteraseauxmem" value="false"/>
        <property key="programoptions.eraseb4program" value="true"/>
        <property key="programoptions.preservedataflash" value="false"/>
        <property key="programoptions.preservedataflash.ranges" value=""/>
        <property key="programoptions.preserveeeprom" value="false"/>
        <property key="programoptions.preserveeeprom.ranges" value=""/>
        <property key="programoptions.preserveprogram.ranges" value=""/>
        <property key="programoptions.preserveprogramrange" value="false"/>
        <property key="programoptions.preserveprogramrange.end" value="0x1d07ffff"/>
        <property key="programoptions.preserveprogramrange.start" value="0x1d000000"/>
        <property key="programoptions.preserveuserid" value="false"/>
        <property key="programoptions.programcalmem" value="false"/>
        <property key="programoptions.programuserotp" value="false"/>
        <property key="programoptions.testmodeentrymethod" value="VPPFirst"/>
        <property key="programoptions.usehighvoltageonmclr" value="false"/>
        <property key="programoptions.uselvpprogramming" value="false"/>
        <property key="voltagevalue" value="3.25"/>
        <property key="whatToProgram" value="all"/>
      </Tool>
    </conf>
  </confs>
</configurationDescriptor>
