<?xml version="1.0" encoding="UTF-8" standalone="no"?>
<Configuration version="2.0.0.12">
  <DisplayManager>
    <SystemInitScript dnOrder="0"/>
    <SystemStartScript dnOrder="1"/>
  </DisplayManager>
  <General>
    <HarmonyPath dnOrder="0" path="../../../.."/>
    <Processor dnOrder="1" name="PIC32MX695F512L"/>
    <Board dnOrder="2" name=""/>
    <ForceOptimization dnOrder="3" flag="true"/>
    <MergeStrategy dnOrder="4" flag="ALL"/>
  </General>
  <Manifest>
    <Files dnOrder="0">
      <File dnOrder="0">
        <Name dnOrder="0">usb_billboard.h</Name>
        <Path dnOrder="1">Header&amp;#160;Files/framework/usb</Path>
      </File>
      <File dnOrder="1">
        <Name dnOrder="0">drv_usbfs.c</Name>
        <Path dnOrder="1">Source&amp;#160;Files/framework/driver/usb/usbfs/src/dynamic</Path>
      </File>
      <File dnOrder="2">
        <Name dnOrder="0">drv_usbfs_local.h</Name>
        <Path dnOrder="1">Header&amp;#160;Files/framework/driver/usb/usbfs/src</Path>
      </File>
      <File dnOrder="3">
        <Name dnOrder="0">driver_common.h</Name>
        <Path dnOrder="1">Header&amp;#160;Files/framework/driver</Path>
      </File>
      <File dnOrder="4">
        <Name dnOrder="0">usb_host.h</Name>
        <Path dnOrder="1">Header&amp;#160;Files/framework/usb</Path>
      </File>
      <File dnOrder="5">
        <Name dnOrder="0">osal.h</Name>
        <Path dnOrder="1">Header&amp;#160;Files/framework/osal</Path>
      </File>
      <File dnOrder="6">
        <Name dnOrder="0">usb_device_cdc.h</Name>
        <Path dnOrder="1">Header&amp;#160;Files/framework/usb</Path>
      </File>
      <File dnOrder="7">
        <Name dnOrder="0">drv_usbhs.h</Name>
        <Path dnOrder="1">Header&amp;#160;Files/framework/driver/usb/usbhs</Path>
      </File>
      <File dnOrder="8">
        <Name dnOrder="0">usb_host_hub_interface.h</Name>
        <Path dnOrder="1">Header&amp;#160;Files/framework/usb</Path>
      </File>
      <File dnOrder="9">
        <Name dnOrder="0">usb_device_local.h</Name>
        <Path dnOrder="1">Header&amp;#160;Files/framework/usb/src</Path>
      </File>
      <File dnOrder="10">
        <Name dnOrder="0">usb_common.h</Name>
        <Path dnOrder="1">Header&amp;#160;Files/framework/usb</Path>
      </File>
      <File dnOrder="11">
        <Name dnOrder="0">sys_ports.h</Name>
        <Path dnOrder="1">Header&amp;#160;Files/framework/system/ports</Path>
      </File>
      <File dnOrder="12">
        <Name dnOrder="0">usb_chapter_9.h</Name>
        <Path dnOrder="1">Header&amp;#160;Files/framework/usb</Path>
      </File>
      <File dnOrder="13">
        <Name dnOrder="0">driver.h</Name>
        <Path dnOrder="1">Header&amp;#160;Files/framework/driver</Path>
      </File>
      <File dnOrder="14">
        <Name dnOrder="0">usb_hub.h</Name>
        <Path dnOrder="1">Header&amp;#160;Files/framework/usb</Path>
      </File>
      <File dnOrder="15">
        <Name dnOrder="0">sys_common.h</Name>
        <Path dnOrder="1">Header&amp;#160;Files/framework/system/common</Path>
      </File>
      <File dnOrder="16">
        <Name dnOrder="0">sys_buffer.h</Name>
        <Path dnOrder="1">Header&amp;#160;Files/framework/system/common</Path>
      </File>
      <File dnOrder="17">
        <Name dnOrder="0">sys_int_pic32.c</Name>
        <Path dnOrder="1">Source&amp;#160;Files/framework/system/int/src</Path>
      </File>
      <File dnOrder="18">
        <Name dnOrder="0">usb_device_mapping.h</Name>
        <Path dnOrder="1">Header&amp;#160;Files/framework/usb/src</Path>
      </File>
      <File dnOrder="19">
        <Name dnOrder="0">usb_host_hub.h</Name>
        <Path dnOrder="1">Header&amp;#160;Files/framework/usb</Path>
      </File>
      <File dnOrder="20">
        <Name dnOrder="0">usb_device.c</Name>
        <Path dnOrder="1">Source&amp;#160;Files/framework/usb/src/dynamic</Path>
      </File>
      <File dnOrder="21">
        <Name dnOrder="0">sys_clk_compatibility.h</Name>
        <Path dnOrder="1">Header&amp;#160;Files/framework/system/clk</Path>
      </File>
      <File dnOrder="22">
        <Name dnOrder="0">sys_clk.h</Name>
        <Path dnOrder="1">Header&amp;#160;Files/framework/system/clk</Path>
      </File>
      <File dnOrder="23">
        <Name dnOrder="0">sys_ports_definitions.h</Name>
        <Path dnOrder="1">Header&amp;#160;Files/framework/system/ports</Path>
      </File>
      <File dnOrder="24">
        <Name dnOrder="0">usb_device_function_driver.h</Name>
        <Path dnOrder="1">Header&amp;#160;Files/framework/usb/src</Path>
      </File>
      <File dnOrder="25">
        <Name dnOrder="0">osal_impl_basic.h</Name>
        <Path dnOrder="1">Header&amp;#160;Files/framework/osal</Path>
      </File>
      <File dnOrder="26">
        <Name dnOrder="0">sys_clk_mapping.h</Name>
        <Path dnOrder="1">Header&amp;#160;Files/framework/system/clk</Path>
      </File>
      <File dnOrder="27">
        <Name dnOrder="0">osal_definitions.h</Name>
        <Path dnOrder="1">Header&amp;#160;Files/framework/osal</Path>
      </File>
      <File dnOrder="28">
        <Name dnOrder="0">sys_int_mapping.h</Name>
        <Path dnOrder="1">Header&amp;#160;Files/framework/system/int</Path>
      </File>
      <File dnOrder="29">
        <Name dnOrder="0">usb_device.h</Name>
        <Path dnOrder="1">Header&amp;#160;Files/framework/usb</Path>
      </File>
      <File dnOrder="30">
        <Name dnOrder="0">sys_int_private.h</Name>
        <Path dnOrder="1">Header&amp;#160;Files/framework/system/int/src</Path>
      </File>
      <File dnOrder="31">
        <Name dnOrder="0">system.h</Name>
        <Path dnOrder="1">Header&amp;#160;Files/framework/system</Path>
      </File>
      <File dnOrder="32">
        <Name dnOrder="0">drv_usbfs_device.c</Name>
        <Path dnOrder="1">Source&amp;#160;Files/framework/driver/usb/usbfs/src/dynamic</Path>
      </File>
      <File dnOrder="33">
        <Name dnOrder="0">sys_debug.h</Name>
        <Path dnOrder="1">Header&amp;#160;Files/framework/system/debug</Path>
      </File>
      <File dnOrder="34">
        <Name dnOrder="0">usb_device_cdc_acm.c</Name>
        <Path dnOrder="1">Source&amp;#160;Files/framework/usb/src/dynamic</Path>
      </File>
      <File dnOrder="35">
        <Name dnOrder="0">sys_module.h</Name>
        <Path dnOrder="1">Header&amp;#160;Files/framework/system/common</Path>
      </File>
      <File dnOrder="36">
        <Name dnOrder="0">usb_cdc.h</Name>
        <Path dnOrder="1">Header&amp;#160;Files/framework/usb</Path>
      </File>
      <File dnOrder="37">
        <Name dnOrder="0">drv_usbfs.h</Name>
        <Path dnOrder="1">Header&amp;#160;Files/framework/driver/usb/usbfs</Path>
      </File>
      <File dnOrder="38">
        <Name dnOrder="0">drv_usbfs_variant_mapping.h</Name>
        <Path dnOrder="1">Header&amp;#160;Files/framework/driver/usb/usbfs/src</Path>
      </File>
      <File dnOrder="39">
        <Name dnOrder="0">usb_device_cdc_local.h</Name>
        <Path dnOrder="1">Header&amp;#160;Files/framework/usb/src</Path>
      </File>
      <File dnOrder="40">
        <Name dnOrder="0">sys_queue.h</Name>
        <Path dnOrder="1">Header&amp;#160;Files/framework/system/common</Path>
      </File>
      <File dnOrder="41">
        <Name dnOrder="0">usb_device_cdc.c</Name>
        <Path dnOrder="1">Source&amp;#160;Files/framework/usb/src/dynamic</Path>
      </File>
      <File dnOrder="42">
        <Name dnOrder="0">sys_int.h</Name>
        <Path dnOrder="1">Header&amp;#160;Files/framework/system/int</Path>
      </File>
      <File dnOrder="43">
        <Name dnOrder="0">drv_usbfs_mapping.h</Name>
        <Path dnOrder="1">Header&amp;#160;Files/framework/driver/usb/usbfs</Path>
      </File>
      <File dnOrder="44">
        <Name dnOrder="0">drv_usb.h</Name>
        <Path dnOrder="1">Header&amp;#160;Files/framework/driver/usb</Path>
      </File>
      <File dnOrder="45">
        <Name dnOrder="0">usb_host_client_driver.h</Name>
        <Path dnOrder="1">Header&amp;#160;Files/framework/usb</Path>
      </File>
    </Files>
    <Templates dnOrder="1">
      <Template dnOrder="0">
        <Name dnOrder="0">main.c</Name>
        <Path dnOrder="1">Source&amp;#160;Files/app</Path>
      </Template>
      <Template dnOrder="1">
        <Name dnOrder="0">sys_ports_static.c</Name>
        <Path dnOrder="1">Source&amp;#160;Files/app/system_config/chipkit_wf32/framework/system/ports/src</Path>
        <Checksum dnOrder="2">BC814B1E833F48A33953D65B71BC498D</Checksum>
        <ProjectFileChecksum dnOrder="3">9386A37F3B36D3CC9EDE6F552F1A3E1A</ProjectFileChecksum>
      </Template>
      <Template dnOrder="2">
        <Name dnOrder="0">bsp.c</Name>
        <Path dnOrder="1">Source&amp;#160;Files/app/system_config/chipkit_wf32/bsp</Path>
        <Checksum dnOrder="2">2973BE4C076E67BC7AE64ADBA5BE0347</Checksum>
        <ProjectFileChecksum dnOrder="3">5E9F8668CD12DF1C86DA5087EF277697</ProjectFileChecksum>
      </Template>
      <Template dnOrder="3">
        <Name dnOrder="0">app.c</Name>
        <Path dnOrder="1">Source&amp;#160;Files/app</Path>
      </Template>
      <Template dnOrder="4">
        <Name dnOrder="0">sys_devcon.h</Name>
        <Path dnOrder="1">Header&amp;#160;Files/app/system_config/chipkit_wf32/framework/system/devcon</Path>
        <Checksum dnOrder="2">07580DCDEF89D9C79B062544109C5367</Checksum>
        <ProjectFileChecksum dnOrder="3">C632AADD1EBAE3F6F1C016FE50BBB237</ProjectFileChecksum>
      </Template>
      <Template dnOrder="5">
        <Name dnOrder="0">sys_devcon.c</Name>
        <Path dnOrder="1">Source&amp;#160;Files/app/system_config/chipkit_wf32/framework/system/devcon/src</Path>
        <Checksum dnOrder="2">54ADBD4A35BCA03C42C74182FCE41849</Checksum>
        <ProjectFileChecksum dnOrder="3">4744FDE41AE26A29541FBFCE57E9FA17</ProjectFileChecksum>
      </Template>
      <Template dnOrder="6">
        <Name dnOrder="0">sys_devcon_local.h</Name>
        <Path dnOrder="1">Header&amp;#160;Files/app/system_config/chipkit_wf32/framework/system/devcon/src</Path>
        <Checksum dnOrder="2">B66F9B4DBD85DA7F9DE775E864E01395</Checksum>
        <ProjectFileChecksum dnOrder="3">C1662900A746D33199FF3F30746F60C0</ProjectFileChecksum>
      </Template>
      <Template dnOrder="7">
        <Name dnOrder="0">system_init.c</Name>
        <Path dnOrder="1">Source&amp;#160;Files/app/system_config/chipkit_wf32</Path>
        <Checksum dnOrder="2">09664A0E79EDC2B257B9A53F4C509C66</Checksum>
        <ProjectFileChecksum dnOrder="3">161C9CB9944A3ED7013826572A553885</ProjectFileChecksum>
      </Template>
      <Template dnOrder="8">
        <Name dnOrder="0">system_interrupt.c</Name>
        <Path dnOrder="1">Source&amp;#160;Files/app/system_config/chipkit_wf32</Path>
        <Checksum dnOrder="2">D06EE7D3DB7E47086177F0950BEA0DAE</Checksum>
        <ProjectFileChecksum dnOrder="3">A5913BADD9DE018C24945967A5D27FDF</ProjectFileChecksum>
      </Template>
      <Template dnOrder="9">
        <Name dnOrder="0">bsp.h</Name>
        <Path dnOrder="1">Header&amp;#160;Files/app/system_config/chipkit_wf32/bsp</Path>
        <Checksum dnOrder="2">20E92807B76CBF42C1CACC2BCCB8A6DA</Checksum>
        <ProjectFileChecksum dnOrder="3">3B3E21815306FDA08A16065D03FC2894</ProjectFileChecksum>
      </Template>
      <Template dnOrder="10">
        <Name dnOrder="0">system_exceptions.c</Name>
        <Path dnOrder="1">Source&amp;#160;Files/app/system_config/chipkit_wf32</Path>
        <Checksum dnOrder="2">9836A04F3E98D3971DB91DF539160F34</Checksum>
        <ProjectFileChecksum dnOrder="3">7EBE96826A79D75ED0498A1E6AE6A110</ProjectFileChecksum>
      </Template>
      <Template dnOrder="11">
        <Name dnOrder="0">sys_clk_pic32mx.c</Name>
        <Path dnOrder="1">Source&amp;#160;Files/app/system_config/chipkit_wf32/framework/system/clk/src</Path>
        <Checksum dnOrder="2">FDF6C8068CFFAEEC5F8537A8D6514230</Checksum>
        <ProjectFileChecksum dnOrder="3">6EF3039314B6CAE94D8BEA3FCF61A72D</ProjectFileChecksum>
      </Template>
      <Template dnOrder="12">
        <Name dnOrder="0">system_definitions.h</Name>
        <Path dnOrder="1">Header&amp;#160;Files/app/system_config/chipkit_wf32</Path>
        <Checksum dnOrder="2">6E0A4B8347808DBA3B404259ACCF4A2E</Checksum>
        <ProjectFileChecksum dnOrder="3">A5FE8668B25B54B2D18AFFC8AA9E13FD</ProjectFileChecksum>
      </Template>
      <Template dnOrder="13">
        <Name dnOrder="0">app.h</Name>
        <Path dnOrder="1">Header&amp;#160;Files/app</Path>
      </Template>
      <Template dnOrder="14">
        <Name dnOrder="0">sys_devcon_pic32mx.c</Name>
        <Path dnOrder="1">Source&amp;#160;Files/app/system_config/chipkit_wf32/framework/system/devcon/src</Path>
        <Checksum dnOrder="2">5141464248E33ABE9E7D144A2D4DC129</Checksum>
        <ProjectFileChecksum dnOrder="3">9E5CD9022939E2ACB259BC401D3B0403</ProjectFileChecksum>
      </Template>
      <Template dnOrder="15">
        <Name dnOrder="0">system_config.h</Name>
        <Path dnOrder="1">Header&amp;#160;Files/app/system_config/chipkit_wf32</Path>
        <Checksum dnOrder="2">AD09046846D8E5150119DDE6348E2983</Checksum>
        <ProjectFileChecksum dnOrder="3">6769BAF6C5C409220B1BB060864BD8FC</ProjectFileChecksum>
      </Template>
      <Template dnOrder="16">
        <Name dnOrder="0">system_tasks.c</Name>
        <Path dnOrder="1">Source&amp;#160;Files/app/system_config/chipkit_wf32</Path>
        <Checksum dnOrder="2">2EC2B03B54D32D70F57A5C0B92EC31F7</Checksum>
        <ProjectFileChecksum dnOrder="3">11136B389AA6A1127C809CB73C47FBE9</ProjectFileChecksum>
      </Template>
    </Templates>
    <CompilerItems dnOrder="2">
      <C32 dnOrder="0">
        <Include dnOrder="0" value="C:\microchip\harmony\Repo\usb\apps\usb\device\cdc_com_port_single\firmware\src"/>
        <Include dnOrder="1" value="C:\microchip\harmony\Repo\usb\apps\usb\device\cdc_com_port_single\firmware\src\system_config\chipkit_wf32"/>
        <Include dnOrder="2" value="C:\microchip\harmony\Repo\usb\apps\usb\device\cdc_com_port_single\firmware\src\chipkit_wf32"/>
        <Include dnOrder="3" value="C:\microchip\harmony\Repo\usb\framework"/>
        <Include dnOrder="4" value="C:\microchip\harmony\Repo\usb\apps\usb\device\cdc_com_port_single\firmware\src\system_config\chipkit_wf32\framework"/>
        <Include dnOrder="5" value="../src/system_config/chipkit_wf32/bsp"/>
      </C32>
    </CompilerItems>
    <Libraries dnOrder="3">
      <Library dnOrder="0" value="../../../../../../bin/framework/peripheral/PIC32MX695F512L_peripherals.a"/>
    </Libraries>
  </Manifest>
</Configuration>
