<?xml version="1.0" encoding="UTF-8"?>
<project-private xmlns="http://www.netbeans.org/ns/project-private/1">
    <editor-bookmarks xmlns="http://www.netbeans.org/ns/editor-bookmarks/2" lastBookmarkId="0"/>
    <open-files xmlns="http://www.netbeans.org/ns/projectui-open-files/2">
        <group>
            <file>file:/C:/microchip/harmony/v2_06/apps/usb/device/cdc_com_port_single%20_TP4/firmware/src/app.c</file>
            <file>file:/C:/microchip/harmony/v2_06/apps/usb/device/cdc_com_port_single%20_TP4/firmware/src/MenuGen.c</file>
            <file>file:/C:/microchip/harmony/v2_06/apps/usb/device/cdc_com_port_single%20_TP4/firmware/src/system_config/pic32mx_usb_sk2_int_dyn/system_interrupt.c</file>
            <file>file:/C:/microchip/harmony/v2_06/apps/usb/device/cdc_com_port_single%20_TP4/firmware/src/system_config/pic32mx_usb_sk2_int_dyn/system_tasks.c</file>
            <file>file:/C:/microchip/harmony/v2_06/apps/usb/device/cdc_com_port_single%20_TP4/firmware/src/main.c</file>
            <file>file:/C:/microchip/harmony/v2_06/apps/usb/device/cdc_com_port_single%20_TP4/firmware/src/app_gen.c</file>
            <file>file:/C:/microchip/harmony/v2_06/apps/usb/device/cdc_com_port_single%20_TP4/firmware/src/Generateur.c</file>
            <file>file:/C:/microchip/harmony/v2_06/apps/usb/device/cdc_com_port_single%20_TP4/firmware/src/app_gen.h</file>
            <file>file:/C:/microchip/harmony/v2_06/apps/usb/device/cdc_com_port_single%20_TP4/firmware/src/Mc32gest_SerComm.c</file>
            <file>file:/C:/microchip/harmony/v2_06/apps/usb/device/cdc_com_port_single%20_TP4/firmware/src/GesPec12.c</file>
        </group>
    </open-files>
</project-private>
